﻿<?xml version="1.0" encoding="utf-8" ?>
<creature>
  <!--
    info - 관찰 레벨과는 관련 없는 정보들 ex)데미지, id, 이미지 소스 등
    
    observe - 관찰 정도에 따라 제공되는 정보들
              각 정보들에는 정보가 제공되는 레벨을 표기
              ex) <desc id="1" openLevel="1">"openLevel이 1일 때 이 정보가 제공됨"</desc>
              
              observe 노드 안의 level 은 관찰 단계의 갯수를 나타냄
  -->
  <info id ="130923">



    <narration action="move">
      #0 enters $0's containment unit to begin work.
    </narration>

    <narration action="mid1">
      [
      {PlaceHolder},
      ]
    </narration>
    <narration action="mid2">
      [
      {$0 PlaceHolder},
      {PlaceHolder $0},
      ]
    </narration>
    <narration action="mid3">
      [
      {PlaceHolder2},
      ]
    </narration>

  </info>

  <observe level ="1">
    <collection>
      <codeNo openLevel ="0">O-02-223</codeNo>
      <portrait openLevel ="1">Custom/NotbaconPaleHorse</portrait>

      <name openLevel ="1">
        The Pale Horse
      </name>

      <riskLevel openLevel ="1">
        ZAYIN
      </riskLevel>

      <openText>Pale Horse Test</openText>

    </collection>

    <desc id="1" openLevel="0">
      [
      {PlaceholderDesc}
      ]
    </desc>

    <desc id="2" openLevel="1">
      [
      {PlaceholderDesc}
      ]
    </desc>

    <desc id="3" openLevel="2">
      [
      {PlaceholderDesc}
      ]
    </desc>

    <desc id="4" openLevel="3">
      [
      {PlaceholderDesc}
      ]
    </desc>

    <desc id="5" openLevel="4">
      [
      {PlaceholderDesc}
      ]
    </desc>




    <specialTipSize size="3">
      <specialTip openLevel="0" key="0">When an employee with Level 1 Justice had a Good work result, they were marked for death.</specialTip>
      <specialTip openLevel="1" key="1">When an employee with low current hp had a Good work result, the same phenominon as above occured.</specialTip>
      <specialTip openLevel="2" key="2">Employees who were marked for death by O-02-223 seemed to attract the attention of nearby escaped abnormalities more strongly. [Disclaimer: This feature doesn't work yet]</specialTip>
    </specialTipSize>
  </observe>
</creature>