﻿<?xml version="1.0" encoding="utf-8" ?>
<creature>
  <!--
    info - 관찰 레벨과는 관련 없는 정보들 ex)데미지, id, 이미지 소스 등
    
    observe - 관찰 정도에 따라 제공되는 정보들
              각 정보들에는 정보가 제공되는 레벨을 표기
              ex) <desc id="1" openLevel="1">"openLevel이 1일 때 이 정보가 제공됨"</desc>
              
              observe 노드 안의 level 은 관찰 단계의 갯수를 나타냄
  -->
  <info id ="130918">



    <narration action="move">
      #0 enters $0's containment unit to begin work.
    </narration>

    <narration action="mid1">
      [
      {PlaceHolder},
      ]
    </narration>
    <narration action="mid2">
      [
      {$0 PlaceHolder},
      {PlaceHolder $0},
      ]
    </narration>
    <narration action="mid3">
      [
      {PlaceHolder2},
      ]
    </narration>

  </info>

  <observe level ="1">
    <collection>
      <codeNo openLevel ="0">T-03-218</codeNo>
      <portrait openLevel ="1">Custom/NotbaconDreamCatcher</portrait>

      <name openLevel ="1">
        Dream Catcher
      </name>

      <riskLevel openLevel ="1">
        HE
      </riskLevel>

      <openText>Dream Catcher Test</openText>

    </collection>

    <desc id="1" openLevel="0">
      [
      {PlaceholderDesc}
      ]
    </desc>

    <desc id="2" openLevel="1">
      [
      {PlaceholderDesc}
      ]
    </desc>

    <desc id="3" openLevel="2">
      [
      {PlaceholderDesc}
      ]
    </desc>

    <desc id="4" openLevel="3">
      [
      {PlaceholderDesc}
      ]
    </desc>

    <desc id="5" openLevel="4">
      [
      {PlaceholderDesc}
      ]
    </desc>




    <specialTipSize size="5">
      <specialTip openLevel="0" key="0">Placeholder 1.</specialTip>
      <specialTip openLevel="1" key="0">Placeholder 2.</specialTip>
      <specialTip openLevel="2" key="0">Placeholder 3.</specialTip>
      <specialTip openLevel="3" key="0">Placeholder 4.</specialTip>
      <specialTip openLevel="4" key="0">Placeholder 5.</specialTip>
    </specialTipSize>
  </observe>
</creature>