﻿<?xml version="1.0" encoding="UTF-8" standalone="yes"?>
<localize>

<text id="NotbaconShatteredMirror_weapon_name">Shattered Dreams</text>
<text id="NotbaconShatteredMirror_weapon_desc">Placeholder1</text>
<text id="NotbaconShatteredMirror_armor_desc">Placeholder2</text>
<text id="NotbaconShatteredMirror_gift_desc">HP -5; Success Rate +10; Work Speed +10; Attack Speed +10; Movement Speed +10</text>

<text id="NotbaconGravityRock_weapon_name">Gullible</text>
<text id="NotbaconGravityRock_weapon_desc">Placeholder1</text>
<text id="NotbaconGravityRock_armor_desc">Placeholder2</text>
<text id="NotbaconGravityRock_gift_desc">SP +20</text>

<text id="NotbaconLonelyWraith_weapon_name">Wraith</text>
<text id="NotbaconLonelyWraith_weapon_desc">Placeholder1</text>
<text id="NotbaconLonelyWraith_armor_desc">Placeholder2</text>
<text id="NotbaconLonelyWraith_gift_desc">HP -6; SP +10</text>

<text id="NotbaconAnglerFish_weapon_name">Luminous</text>
<text id="NotbaconAnglerFish_weapon_desc">Placeholder1</text>
<text id="NotbaconAnglerFish_armor_desc">Placeholder2</text>
<text id="NotbaconAnglerFish_gift_desc">Success Rate +6; Work Speed -4; Attack Speed +3; Movement Speed +3&#13;&#10;Attachment Work Success Rate +6%</text>

<text id="NotbaconPollen_weapon_name">Green Thumb</text>
<text id="NotbaconPollen_weapon_desc">Placeholder1</text>
<text id="NotbaconPollen_armor_desc">Placeholder2</text>
<text id="NotbaconPollen_gift_desc">HP +5; Success Rate +5; Work Speed +5</text>

<text id="NotbaconGarland_gift1_name">Daisy Garland</text>
<text id="NotbaconGarland_gift1_desc">Attack Speed +5; Movement Speed +5&#13;&#10;Healing received +4%; Regen 2 HP every 10 sec; Insight Work Speed +25%</text>
<text id="NotbaconGarland_gift2_name">Daffodil Garland</text>
<text id="NotbaconGarland_gift2_desc">Success Rate +6; Work Speed +6&#13;&#10;Healing received +6%; Regen 2 HP every 8 sec; Instinct Work Speed +25%</text>
<text id="NotbaconGarland_gift3_name">Lavender Garland</text>
<text id="NotbaconGarland_gift3_desc">HP +6; SP +3; Attack Speed -2; Movement Speed -2&#13;&#10;Healing received +10%; Regen 2 HP every 6 sec; Attachment Work Speed +25%</text>
<text id="NotbaconGarland_gift4_name">Iris Garland</text>
<text id="NotbaconGarland_gift4_desc">HP -4; SP +6; Success Rate +10; Work Speed +10&#13;&#10;Healing received +20%; Regen 2 HP every 4 sec; Grants healing bufs to nearby allies</text>
<text id="NotbaconGarland_gift5_name">Orchid Garland</text>
<text id="NotbaconGarland_gift5_desc">HP +8; SP -4; Movement Speed +16&#13;&#10;Healing received +25%; Regen 3 SP every 4 sec; When reaching low HP, leach HP from nearby healthy allies</text>
<text id="NotbaconGarland_gift6_name">Rose Garland</text>
<text id="NotbaconGarland_gift6_desc">HP +12; Attack Speed +10; Movement Speed -10&#13;&#10;Healing received +30%; Regen 4 HP every 4 sec; If at least 30% HP, deal +15% damage and take R damage equal to that amount</text>

<text id="NotbaconPollen_weapon2_name">Placeholder</text>
<text id="NotbaconPollen_weapon2_desc">Placeholder1</text>
<text id="NotbaconPollen_armor2_desc">Placeholder2</text>
<text id="NotbaconPollen_gift2_desc">HP +15; Success Rate +8; Work Speed +8; Attack Speed -5; Movement Speed -5&#13;&#10;Recover 15% of damage taken when hit; Constantly regen HP/SP, increasing the lower the HP you are</text>

<text id="NotbaconCoralReef_weapon_name">Seashell</text>
<text id="NotbaconCoralReef_weapon_desc">Placeholder1</text>
<text id="NotbaconCoralReef_armor_desc">Placeholder2</text>
<text id="NotbaconCoralReef_gift_desc">HP +3; Attack Speed +2</text>

<text id="NotbaconDreamCatcher_weapon_name">Dream Catcher</text>
<text id="NotbaconDreamCatcher_weapon_desc">Placeholder1</text>
<text id="NotbaconDreamCatcher_armor_desc">Placeholder2</text>
<text id="NotbaconDreamCatcher_gift_desc">SP +2; Success Rate +1; Work Speed +1&#13;&#10;Reduces B damage by 10%</text>
<text id="NotbaconDreamCatcher_weapon2_name">Lucid Dreamer</text>
<text id="NotbaconDreamCatcher_armor2_desc">Placeholder3</text>
<text id="NotbaconDreamCatcher_gift2_desc">Success Rate +6; Work Speed +6; Attack Speed +6; Movement Speed +6&#13;&#10;Remain controllable while panicking</text>

<text id="NotbaconGrandfatherClock_weapon_name">Unceasing Clock, Forever Ticking</text>
<text id="NotbaconGrandfatherClock_weapon_desc">Placeholder1</text>
<text id="NotbaconGrandfatherClock_armor_desc">Placeholder2</text>
<text id="NotbaconGrandfatherClock_gift_desc">Work Speed +4; Attack Speed +4; Movement Speed +4&#13;&#10;Resist death or panic once every 12 seconds</text>

<text id="NotbaconPaleHorse_weapon_name">Pale Horse</text>
<text id="NotbaconPaleHorse_weapon_desc">Placeholder1</text>
<text id="NotbaconPaleHorse_armor_desc">Placeholder2</text>
<text id="NotbaconPaleHorse_gift_desc">Success Rate +1; Work Speed +1; Attack Speed +1 Movement Speed +1&#13;&#10;Damage dealt +7%; Damage taken +7%</text>

<text id="NotbaconBalloon_weapon_name">Fleeting Laughter</text>
<text id="NotbaconBalloon_weapon_desc">Placeholder1</text>
<text id="NotbaconBalloon_armor_desc">Placeholder2</text>
<text id="NotbaconBalloon_gift_desc">SP -2; Attack Speed +5 Movement Speed +5</text>

<text id="NotbaconQuietBird_weapon_name">Why &lt;i&gt;Should&lt;/i&gt;  the Caged Bird Sing?</text>
<text id="NotbaconQuietBird_weapon_desc">Placeholder1</text>
<text id="NotbaconQuietBird_armor_desc">Placeholder2</text>
<text id="NotbaconQuietBird_gift_desc">Success Rate +8; Work Speed +8; Attack Speed -4 Movement Speed -4</text>

</localize>